timestamp,project_name,run_id,duration,emissions,emissions_rate,cpu_power,gpu_power,ram_power,cpu_energy,gpu_energy,ram_energy,energy_consumed,country_name,country_iso_code,region,cloud_provider,cloud_region,os,python_version,codecarbon_version,cpu_count,cpu_model,gpu_count,gpu_model,longitude,latitude,ram_total_size,tracking_mode,on_cloud,pue
2024-03-07T08:19:24,codecarbon,,0.825472354888916,4.337562072778081e-06,5.254642444521099e-06,22.5,2.7968783431094586,5.951585769653321,4.955966770648956e-06,6.1527827e-07,1.2361695956371933e-06,6.807414636286149e-06,India,IND,maharashtra,,,Windows-11-10.0.22631-SP0,3.12.2,2.3.4,8,Intel(R) Core(TM) i5-10300H CPU @ 2.50GHz,1,1 x NVIDIA GeForce GTX 1650,73.0656,19.0565,15.870895385742188,machine,N,1.0
2024-03-07T08:20:27,codecarbon,,1.3834898471832275,6.454293957762181e-06,4.665226832638536e-06,22.5,0.2717994190198395,5.951585769653321,8.646811544895172e-06,-7.305561399999999e-08,1.5556795487043474e-06,1.0129435479599518e-05,India,IND,maharashtra,,,Windows-11-10.0.22631-SP0,3.12.2,2.3.4,8,Intel(R) Core(TM) i5-10300H CPU @ 2.50GHz,1,1 x NVIDIA GeForce GTX 1650,73.0656,19.0565,15.870895385742188,machine,N,1.0
2024-03-07T08:21:22,codecarbon,,0.5226056575775146,2.7490307425043626e-06,5.26023915479066e-06,22.5,1.4417057428335835,5.951585769653321,3.2662853598594664e-06,2.088890560000001e-07,8.391827733021274e-07,4.314357189161594e-06,India,IND,maharashtra,,,Windows-11-10.0.22631-SP0,3.12.2,2.3.4,8,Intel(R) Core(TM) i5-10300H CPU @ 2.50GHz,1,1 x NVIDIA GeForce GTX 1650,73.0656,19.0565,15.870895385742188,machine,N,1.0
2024-03-07T08:22:26,codecarbon,,0.6680808067321777,3.473786954465452e-06,5.199650879744602e-06,22.5,1.1302966091199695,5.951585769653321,4.169262945652008e-06,2.094446120000001e-07,1.0730895026313193e-06,5.451797060283327e-06,India,IND,maharashtra,,,Windows-11-10.0.22631-SP0,3.12.2,2.3.4,8,Intel(R) Core(TM) i5-10300H CPU @ 2.50GHz,1,1 x NVIDIA GeForce GTX 1650,73.0656,19.0565,15.870895385742188,machine,N,1.0
2024-03-07T08:24:25,codecarbon,,37.82917737960816,0.000188111301094,4.972651115471177e-06,22.5,0.0098693111415326,5.951585769653321,0.0002364323586225,7.250005799999999e-08,5.871895664076307e-05,0.0002952238153213,India,IND,maharashtra,,,Windows-11-10.0.22631-SP0,3.12.2,2.3.4,8,Intel(R) Core(TM) i5-10300H CPU @ 2.50GHz,1,1 x NVIDIA GeForce GTX 1650,73.0656,19.0565,15.870895385742188,machine,N,1.0
2024-03-07T08:26:39,codecarbon,,0.4344055652618408,2.203234040279344e-06,5.071836588813797e-06,22.5,0.3406957236166898,5.951585769653321,2.715034782886505e-06,4.1111144000000016e-08,7.016322907645646e-07,3.4577782176510696e-06,India,IND,maharashtra,,,Windows-11-10.0.22631-SP0,3.12.2,2.3.4,8,Intel(R) Core(TM) i5-10300H CPU @ 2.50GHz,1,1 x NVIDIA GeForce GTX 1650,73.0656,19.0565,15.870895385742188,machine,N,1.0
2024-03-07T08:27:17,codecarbon,,0.383448839187622,1.8930437734041524e-06,4.93688747999543e-06,22.5,0.0,5.951585769653321,2.3965552449226378e-06,0.0,5.744071699041343e-07,2.970962414826772e-06,India,IND,maharashtra,,,Windows-11-10.0.22631-SP0,3.12.2,2.3.4,8,Intel(R) Core(TM) i5-10300H CPU @ 2.50GHz,1,1 x NVIDIA GeForce GTX 1650,73.0656,19.0565,15.870895385742188,machine,N,1.0
2024-03-07T08:30:21,codecarbon,,1.5518419742584229,7.392150632046893e-06,4.763468674430831e-06,22.5,0.0085926735216792,5.951585769653321,9.692737460136412e-06,2.777780000000002e-09,1.905802173172333e-06,1.1601317413308746e-05,India,IND,maharashtra,,,Windows-11-10.0.22631-SP0,3.12.2,2.3.4,8,Intel(R) Core(TM) i5-10300H CPU @ 2.50GHz,1,1 x NVIDIA GeForce GTX 1650,73.0656,19.0565,15.870895385742188,machine,N,1.0
2024-03-07T08:30:33,codecarbon,,3.020010709762573,5.5166855523144274e-08,1.826710592277382e-08,22.5,0.0007587147177505,5.951585769653321,1.886892020702362e-05,-5.55555999999999e-10,4.338106347233861e-06,2.320647099825748e-05,Canada,CAN,quebec,,,Windows-11-10.0.22631-SP0,3.12.2,2.3.4,8,Intel(R) Core(TM) i5-10300H CPU @ 2.50GHz,1,1 x NVIDIA GeForce GTX 1650,-71.2,46.8,15.870895385742188,machine,N,1.0
2024-03-07T08:32:21,codecarbon,,66.13619470596313,0.0003286652436584,4.969521532342656e-06,22.5,0.0488496891606396,5.951585769653321,0.0004132013976573,1.6666679999999997e-08,0.0001025925575233,0.0005158106218607,India,IND,maharashtra,,,Windows-11-10.0.22631-SP0,3.12.2,2.3.4,8,Intel(R) Core(TM) i5-10300H CPU @ 2.50GHz,1,1 x NVIDIA GeForce GTX 1650,73.0656,19.0565,15.870895385742188,machine,N,1.0
2024-03-07T08:33:57,codecarbon,,1.728339910507202,3.0836807179696764e-08,1.7841864897193363e-08,22.5,0.1548818209962189,5.951585769653321,1.0802124440670014e-05,5.55556e-08,2.114120956656507e-06,1.297180099732652e-05,Canada,CAN,quebec,,,Windows-11-10.0.22631-SP0,3.12.2,2.3.4,8,Intel(R) Core(TM) i5-10300H CPU @ 2.50GHz,1,1 x NVIDIA GeForce GTX 1650,-71.2,46.8,15.870895385742188,machine,N,1.0
2024-03-07T08:38:14,codecarbon,,0.3887865543365478,1.9710467183503944e-06,5.06973992892816e-06,22.5,0.3774670047202461,5.951585769653321,2.429915964603424e-06,4.0555588e-08,6.229094882144182e-07,3.0933810408178422e-06,India,IND,maharashtra,,,Windows-11-10.0.22631-SP0,3.12.2,2.3.4,8,Intel(R) Core(TM) i5-10300H CPU @ 2.50GHz,1,1 x NVIDIA GeForce GTX 1650,73.0656,19.0565,15.870895385742188,machine,N,1.0
2024-03-07T08:38:39,codecarbon,,0.4107453823089599,2.047589374536751e-06,4.985057562976005e-06,22.5,0.0,5.951585769653321,2.5609135627746584e-06,0.0,6.525943117992484e-07,3.213507874573907e-06,India,IND,maharashtra,,,Windows-11-10.0.22631-SP0,3.12.2,2.3.4,8,Intel(R) Core(TM) i5-10300H CPU @ 2.50GHz,1,1 x NVIDIA GeForce GTX 1650,73.0656,19.0565,15.870895385742188,machine,N,1.0
2024-03-07T08:40:04,codecarbon,,0.4361052513122558,2.1761090560840744e-06,4.989871251346061e-06,22.5,0.0,5.951585769653321,2.725657820701599e-06,0.0,6.895501671010607e-07,3.41520798780266e-06,India,IND,maharashtra,,,Windows-11-10.0.22631-SP0,3.12.2,2.3.4,8,Intel(R) Core(TM) i5-10300H CPU @ 2.50GHz,1,1 x NVIDIA GeForce GTX 1650,73.0656,19.0565,15.870895385742188,machine,N,1.0
2024-03-07T08:40:53,codecarbon,,0.534247875213623,2.7231858107227423e-06,5.097232833418113e-06,22.5,0.4594505677751297,5.951585769653321,3.339049220085144e-06,6.805561e-08,8.666910566830667e-07,4.273795886768211e-06,India,IND,maharashtra,,,Windows-11-10.0.22631-SP0,3.12.2,2.3.4,8,Intel(R) Core(TM) i5-10300H CPU @ 2.50GHz,1,1 x NVIDIA GeForce GTX 1650,73.0656,19.0565,15.870895385742188,machine,N,1.0
2024-03-07T08:41:06,codecarbon,,0.4309010505676269,2.153073831159388e-06,4.996678073360783e-06,22.5,0.0,5.951585769653321,2.693131566047668e-06,0.0,6.85924702270313e-07,3.379056268317981e-06,India,IND,maharashtra,,,Windows-11-10.0.22631-SP0,3.12.2,2.3.4,8,Intel(R) Core(TM) i5-10300H CPU @ 2.50GHz,1,1 x NVIDIA GeForce GTX 1650,73.0656,19.0565,15.870895385742188,machine,N,1.0
2024-03-07T08:41:54,codecarbon,,0.395961046218872,1.983447578747415e-06,5.009198752472842e-06,22.5,0.0,5.951585769653321,2.4747565388679505e-06,0.0,6.380865401069968e-07,3.1128430789749475e-06,India,IND,maharashtra,,,Windows-11-10.0.22631-SP0,3.12.2,2.3.4,8,Intel(R) Core(TM) i5-10300H CPU @ 2.50GHz,1,1 x NVIDIA GeForce GTX 1650,73.0656,19.0565,15.870895385742188,machine,N,1.0
2024-03-07T08:41:58,codecarbon,,0.0155355930328369,2.44691352301453e-10,1.5750370892457045e-08,22.5,0.0,5.951585769653321,9.70974564552307e-08,0.0,5.834325986597833e-09,1.0293178244182853e-07,Canada,CAN,quebec,,,Windows-11-10.0.22631-SP0,3.12.2,2.3.4,8,Intel(R) Core(TM) i5-10300H CPU @ 2.50GHz,1,1 x NVIDIA GeForce GTX 1650,-71.2,46.8,15.870895385742188,machine,N,1.0
2024-03-07T08:41:58,codecarbon,,0.5126526355743408,2.601715759867589e-06,5.0750070892599725e-06,22.5,0.3439613219844147,5.951585769653321,3.20407897233963e-06,4.888892800000001e-08,8.301916362881912e-07,4.0831595366278216e-06,India,IND,maharashtra,,,Windows-11-10.0.22631-SP0,3.12.2,2.3.4,8,Intel(R) Core(TM) i5-10300H CPU @ 2.50GHz,1,1 x NVIDIA GeForce GTX 1650,73.0656,19.0565,15.870895385742188,machine,N,1.0
2024-03-07T08:42:31,codecarbon,,0.394010066986084,1.973591968619625e-06,5.008988688325394e-06,22.5,0.0,5.951585769653321,2.4625629186630247e-06,0.0,6.348126641682939e-07,3.0973755828313187e-06,India,IND,maharashtra,,,Windows-11-10.0.22631-SP0,3.12.2,2.3.4,8,Intel(R) Core(TM) i5-10300H CPU @ 2.50GHz,1,1 x NVIDIA GeForce GTX 1650,73.0656,19.0565,15.870895385742188,machine,N,1.0
2024-03-07T08:42:38,codecarbon,,3.5137178897857666,1.727398516130892e-05,4.91615596446251e-06,22.5,0.0102603493157311,5.951585769653321,2.196073681116104e-05,8.888896000000001e-09,5.140344695814747e-06,2.710997040297579e-05,India,IND,maharashtra,,,Windows-11-10.0.22631-SP0,3.12.2,2.3.4,8,Intel(R) Core(TM) i5-10300H CPU @ 2.50GHz,1,1 x NVIDIA GeForce GTX 1650,73.0656,19.0565,15.870895385742188,machine,N,1.0
2024-03-07T08:43:49,codecarbon,,0.0195190906524658,2.9594961550394685e-10,1.5162059584295238e-08,22.5,0.0,5.951585769653321,1.2199431657791137e-07,0.0,2.499749723483547e-09,1.2449406630139492e-07,Canada,CAN,quebec,,,Windows-11-10.0.22631-SP0,3.12.2,2.3.4,8,Intel(R) Core(TM) i5-10300H CPU @ 2.50GHz,1,1 x NVIDIA GeForce GTX 1650,-71.2,46.8,15.870895385742188,machine,N,1.0
2024-03-07T08:43:54,codecarbon,,0.6828913688659668,3.524124463797612e-06,5.160593067166592e-06,22.5,0.8010065180767594,5.951585769653321,4.268071055412292e-06,1.51944566e-07,1.1107816449850817e-06,5.530797266397374e-06,India,IND,maharashtra,,,Windows-11-10.0.22631-SP0,3.12.2,2.3.4,8,Intel(R) Core(TM) i5-10300H CPU @ 2.50GHz,1,1 x NVIDIA GeForce GTX 1650,73.0656,19.0565,15.870895385742188,machine,N,1.0
2024-03-07T08:44:26,codecarbon,,0.8671116828918457,1.7137899118104373e-08,1.976435037866048e-08,22.5,1.5545876096425923,5.951585769653321,5.419448018074035e-06,3.74444744e-07,1.4153301505587024e-06,7.2092229126327375e-06,Canada,CAN,quebec,,,Windows-11-10.0.22631-SP0,3.12.2,2.3.4,8,Intel(R) Core(TM) i5-10300H CPU @ 2.50GHz,1,1 x NVIDIA GeForce GTX 1650,-71.2,46.8,15.870895385742188,machine,N,1.0
2024-03-07T08:44:45,codecarbon,,0.433995246887207,2.1723404271200624e-06,5.005447508241125e-06,22.5,0.0,5.951585769653321,2.712470293045044e-06,0.0,6.968231696077966e-07,3.4092934626528404e-06,India,IND,maharashtra,,,Windows-11-10.0.22631-SP0,3.12.2,2.3.4,8,Intel(R) Core(TM) i5-10300H CPU @ 2.50GHz,1,1 x NVIDIA GeForce GTX 1650,73.0656,19.0565,15.870895385742188,machine,N,1.0
2024-03-07T08:45:42,codecarbon,,0.6528685092926025,3.4214570425115567e-06,5.240652587484701e-06,22.5,1.2579932031265098,5.951585769653321,4.080428183078766e-06,2.277779600000001e-07,1.0614638138747524e-06,5.369669956953518e-06,India,IND,maharashtra,,,Windows-11-10.0.22631-SP0,3.12.2,2.3.4,8,Intel(R) Core(TM) i5-10300H CPU @ 2.50GHz,1,1 x NVIDIA GeForce GTX 1650,73.0656,19.0565,15.870895385742188,machine,N,1.0
2024-03-07T08:47:34,codecarbon,,0.3996210098266601,2.001341672812362e-06,5.00809923302197e-06,22.5,0.0,5.951585769653321,2.497631311416626e-06,0.0,6.43294943267847e-07,3.140926254684473e-06,India,IND,maharashtra,,,Windows-11-10.0.22631-SP0,3.12.2,2.3.4,8,Intel(R) Core(TM) i5-10300H CPU @ 2.50GHz,1,1 x NVIDIA GeForce GTX 1650,73.0656,19.0565,15.870895385742188,machine,N,1.0
2024-03-07T08:47:43,codecarbon,,0.4027345180511474,2.0133347589285623e-06,4.999161156265399e-06,22.5,0.0,5.951585769653321,2.5170907378196714e-06,0.0,6.426575898615284e-07,3.1597483276812e-06,India,IND,maharashtra,,,Windows-11-10.0.22631-SP0,3.12.2,2.3.4,8,Intel(R) Core(TM) i5-10300H CPU @ 2.50GHz,1,1 x NVIDIA GeForce GTX 1650,73.0656,19.0565,15.870895385742188,machine,N,1.0
2024-03-07T08:47:50,codecarbon,,0.4238080978393554,2.11522998765016e-06,4.99100889868305e-06,22.5,0.0,5.951585769653321,2.648800611495972e-06,0.0,6.708631386572961e-07,3.319663750153268e-06,India,IND,maharashtra,,,Windows-11-10.0.22631-SP0,3.12.2,2.3.4,8,Intel(R) Core(TM) i5-10300H CPU @ 2.50GHz,1,1 x NVIDIA GeForce GTX 1650,73.0656,19.0565,15.870895385742188,machine,N,1.0
2024-03-07T08:47:50,codecarbon,,0.6211667060852051,3.2995201492853405e-06,5.31181101137888e-06,22.5,1.6699070022083364,5.951585769653321,3.882291913032532e-06,2.87222452e-07,1.0087865745504134e-06,5.178300939582945e-06,India,IND,maharashtra,,,Windows-11-10.0.22631-SP0,3.12.2,2.3.4,8,Intel(R) Core(TM) i5-10300H CPU @ 2.50GHz,1,1 x NVIDIA GeForce GTX 1650,73.0656,19.0565,15.870895385742188,machine,N,1.0
2024-03-07T08:49:03,codecarbon,,0.5211482048034668,2.6553432749033084e-06,5.095178781062251e-06,22.5,0.5056307875606993,5.951585769653321,3.250892460346222e-06,7.305561399999999e-08,8.433750372660143e-07,4.167323111612237e-06,India,IND,maharashtra,,,Windows-11-10.0.22631-SP0,3.12.2,2.3.4,8,Intel(R) Core(TM) i5-10300H CPU @ 2.50GHz,1,1 x NVIDIA GeForce GTX 1650,73.0656,19.0565,15.870895385742188,machine,N,1.0
2024-03-07T08:49:26,codecarbon,,0.8664164543151855,4.561065627737004e-06,5.264287866441854e-06,22.5,1.3681287989414208,5.951585769653321,5.41510283946991e-06,3.28889152e-07,1.4141914282390644e-06,7.158183419708975e-06,India,IND,maharashtra,,,Windows-11-10.0.22631-SP0,3.12.2,2.3.4,8,Intel(R) Core(TM) i5-10300H CPU @ 2.50GHz,1,1 x NVIDIA GeForce GTX 1650,73.0656,19.0565,15.870895385742188,machine,N,1.0
2024-03-07T08:50:10,codecarbon,,1.5016982555389404,7.028128939660314e-06,4.680120599286444e-06,22.5,0.4707007864722421,5.951585769653321,9.385614097118376e-06,-1.42500114e-07,1.7869040331788712e-06,1.1030018016297248e-05,India,IND,maharashtra,,,Windows-11-10.0.22631-SP0,3.12.2,2.3.4,8,Intel(R) Core(TM) i5-10300H CPU @ 2.50GHz,1,1 x NVIDIA GeForce GTX 1650,73.0656,19.0565,15.870895385742188,machine,N,1.0
2024-03-07T08:51:56,codecarbon,,0.4339683055877685,2.171678094149445e-06,5.004232028438378e-06,22.5,0.0,5.951585769653321,2.7123019099235534e-06,0.0,6.959520805366992e-07,3.4082539904602525e-06,India,IND,maharashtra,,,Windows-11-10.0.22631-SP0,3.12.2,2.3.4,8,Intel(R) Core(TM) i5-10300H CPU @ 2.50GHz,1,1 x NVIDIA GeForce GTX 1650,73.0656,19.0565,15.870895385742188,machine,N,1.0
2024-03-07T08:52:06,codecarbon,,0.3847975730895996,1.913529433731254e-06,4.972820951980618e-06,22.5,0.0,5.951585769653321,2.4049848318099973e-06,0.0,5.981279895365788e-07,3.003112821346576e-06,India,IND,maharashtra,,,Windows-11-10.0.22631-SP0,3.12.2,2.3.4,8,Intel(R) Core(TM) i5-10300H CPU @ 2.50GHz,1,1 x NVIDIA GeForce GTX 1650,73.0656,19.0565,15.870895385742188,machine,N,1.0
2024-03-07T08:52:08,codecarbon,,2.053341150283813,9.87239243210247e-06,4.807965023609401e-06,22.5,0.2877170812677575,5.951585769653321,1.2833382189273834e-05,1.2388898800000001e-07,2.536563287765148e-06,1.549383446503898e-05,India,IND,maharashtra,,,Windows-11-10.0.22631-SP0,3.12.2,2.3.4,8,Intel(R) Core(TM) i5-10300H CPU @ 2.50GHz,1,1 x NVIDIA GeForce GTX 1650,73.0656,19.0565,15.870895385742188,machine,N,1.0
2024-03-07T08:52:37,codecarbon,,0.4212648868560791,2.108762452391531e-06,5.005787375561563e-06,22.5,0.0,5.951585769653321,2.632905542850494e-06,0.0,6.766079907890799e-07,3.309513533639574e-06,India,IND,maharashtra,,,Windows-11-10.0.22631-SP0,3.12.2,2.3.4,8,Intel(R) Core(TM) i5-10300H CPU @ 2.50GHz,1,1 x NVIDIA GeForce GTX 1650,73.0656,19.0565,15.870895385742188,machine,N,1.0
2024-03-07T08:58:21,codecarbon,,0.3969888687133789,1.987522934526812e-06,5.006495373455366e-06,22.5,0.0,5.951585769653321,2.481180429458618e-06,0.0,6.380585548924955e-07,3.119238984351113e-06,India,IND,maharashtra,,,Windows-11-10.0.22631-SP0,3.12.2,2.3.4,8,Intel(R) Core(TM) i5-10300H CPU @ 2.50GHz,1,1 x NVIDIA GeForce GTX 1650,73.0656,19.0565,15.870895385742188,machine,N,1.0
2024-03-07T08:58:24,codecarbon,,1.5241999626159668,7.243349708199055e-06,4.752230603501248e-06,22.5,0.1736763390976117,5.951585769653321,9.526249766349792e-06,5.2777820000000007e-08,1.7887601229688243e-06,1.1367787709318617e-05,India,IND,maharashtra,,,Windows-11-10.0.22631-SP0,3.12.2,2.3.4,8,Intel(R) Core(TM) i5-10300H CPU @ 2.50GHz,1,1 x NVIDIA GeForce GTX 1650,73.0656,19.0565,15.870895385742188,machine,N,1.0
2024-03-07T08:58:42,codecarbon,,0.3968632221221924,1.98744574945469e-06,5.007885938200553e-06,22.5,0.0,5.951585769653321,2.4803951382637025e-06,0.0,6.387227110394634e-07,3.119117849303166e-06,India,IND,maharashtra,,,Windows-11-10.0.22631-SP0,3.12.2,2.3.4,8,Intel(R) Core(TM) i5-10300H CPU @ 2.50GHz,1,1 x NVIDIA GeForce GTX 1650,73.0656,19.0565,15.870895385742188,machine,N,1.0
2024-03-07T08:58:53,codecarbon,,1.870823860168457,8.999325290769101e-06,4.810354134546244e-06,22.5,0.0087940700456076,5.951585769653321,1.1692649126052856e-05,3.611114000000008e-09,2.4273736522559373e-06,1.4123633892308791e-05,India,IND,maharashtra,,,Windows-11-10.0.22631-SP0,3.12.2,2.3.4,8,Intel(R) Core(TM) i5-10300H CPU @ 2.50GHz,1,1 x NVIDIA GeForce GTX 1650,73.0656,19.0565,15.870895385742188,machine,N,1.0
2024-03-07T08:59:52,codecarbon,,1.5030839443206787,2.66805425626551e-08,1.7750533936222315e-08,22.5,0.0240865678479573,5.951585769653321,9.39427465200424e-06,-7.500006000000003e-09,1.836653467245242e-06,1.1223428113249482e-05,Canada,CAN,quebec,,,Windows-11-10.0.22631-SP0,3.12.2,2.3.4,8,Intel(R) Core(TM) i5-10300H CPU @ 2.50GHz,1,1 x NVIDIA GeForce GTX 1650,-71.2,46.8,15.870895385742188,machine,N,1.0
2024-03-07T09:00:20,codecarbon,,0.2099671363830566,1.0341771852025109e-06,4.925424059295614e-06,22.5,0.0,5.951585769653321,1.312294602394104e-06,0.0,3.107537341918488e-07,1.6230483365859528e-06,India,IND,maharashtra,,,Windows-11-10.0.22631-SP0,3.12.2,2.3.4,8,Intel(R) Core(TM) i5-10300H CPU @ 2.50GHz,1,1 x NVIDIA GeForce GTX 1650,73.0656,19.0565,15.870895385742188,machine,N,1.0
2024-03-07T09:00:30,codecarbon,,0.5019268989562988,2.5017239067597007e-06,4.984239561501401e-06,22.5,0.0,5.951585769653321,3.1370431184768674e-06,0.0,7.891881729904071e-07,3.926231291467274e-06,India,IND,maharashtra,,,Windows-11-10.0.22631-SP0,3.12.2,2.3.4,8,Intel(R) Core(TM) i5-10300H CPU @ 2.50GHz,1,1 x NVIDIA GeForce GTX 1650,73.0656,19.0565,15.870895385742188,machine,N,1.0
2024-03-07T09:00:34,codecarbon,,1.8416032791137693,8.877788298247635e-06,4.820684454102337e-06,22.5,0.1834853060736227,5.951585769653321,1.151002049446106e-05,7.305561399999999e-08,2.3498163747660784e-06,1.3932892483227138e-05,India,IND,maharashtra,,,Windows-11-10.0.22631-SP0,3.12.2,2.3.4,8,Intel(R) Core(TM) i5-10300H CPU @ 2.50GHz,1,1 x NVIDIA GeForce GTX 1650,73.0656,19.0565,15.870895385742188,machine,N,1.0
2024-03-07T09:01:06,codecarbon,,1.6945598125457764,8.023203089654802e-06,4.734682736044211e-06,22.5,0.0767895924641565,5.951585769653321,1.05909988284111e-05,-2.6388910000000003e-08,2.027087727873323e-06,1.2591697646284425e-05,India,IND,maharashtra,,,Windows-11-10.0.22631-SP0,3.12.2,2.3.4,8,Intel(R) Core(TM) i5-10300H CPU @ 2.50GHz,1,1 x NVIDIA GeForce GTX 1650,73.0656,19.0565,15.870895385742188,machine,N,1.0
2024-03-07T09:01:36,codecarbon,,1.6449003219604492,7.84561000377887e-06,4.769656798673491e-06,22.5,0.0314376203789098,5.951585769653321,1.0274390876293182e-05,1.0833341999999998e-08,2.0277570080736497e-06,1.2312981226366831e-05,India,IND,maharashtra,,,Windows-11-10.0.22631-SP0,3.12.2,2.3.4,8,Intel(R) Core(TM) i5-10300H CPU @ 2.50GHz,1,1 x NVIDIA GeForce GTX 1650,73.0656,19.0565,15.870895385742188,machine,N,1.0
2024-03-07T09:02:02,codecarbon,,0.4158134460449219,2.079251568038912e-06,5.000443318550797e-06,22.5,0.0,5.951585769653321,2.5923684239387512e-06,0.0,6.708304235473862e-07,3.2631988474861373e-06,India,IND,maharashtra,,,Windows-11-10.0.22631-SP0,3.12.2,2.3.4,8,Intel(R) Core(TM) i5-10300H CPU @ 2.50GHz,1,1 x NVIDIA GeForce GTX 1650,73.0656,19.0565,15.870895385742188,machine,N,1.0
2024-03-07T09:02:06,codecarbon,,1.957774639129639,9.383304657772922e-06,4.792842071927352e-06,22.5,0.2724359519776546,5.951585769653321,1.2236091494560242e-05,1.0972231000000001e-07,2.3804412650633824e-06,1.4726255069623623e-05,India,IND,maharashtra,,,Windows-11-10.0.22631-SP0,3.12.2,2.3.4,8,Intel(R) Core(TM) i5-10300H CPU @ 2.50GHz,1,1 x NVIDIA GeForce GTX 1650,73.0656,19.0565,15.870895385742188,machine,N,1.0
2024-03-07T09:03:02,codecarbon,,1.5997247695922852,7.585104832677508e-06,4.741506149592652e-06,22.5,0.0568241128623474,5.951585769653321,9.998279809951784e-06,-1.8611126e-08,1.924473041140118e-06,1.19041417250919e-05,India,IND,maharashtra,,,Windows-11-10.0.22631-SP0,3.12.2,2.3.4,8,Intel(R) Core(TM) i5-10300H CPU @ 2.50GHz,1,1 x NVIDIA GeForce GTX 1650,73.0656,19.0565,15.870895385742188,machine,N,1.0
2024-03-07T09:03:17,codecarbon,,0.5411829948425293,2.710531242127039e-06,5.008529957442096e-06,22.5,0.0,5.951585769653321,3.382393717765808e-06,0.0,8.715419585826113e-07,4.25393567634842e-06,India,IND,maharashtra,,,Windows-11-10.0.22631-SP0,3.12.2,2.3.4,8,Intel(R) Core(TM) i5-10300H CPU @ 2.50GHz,1,1 x NVIDIA GeForce GTX 1650,73.0656,19.0565,15.870895385742188,machine,N,1.0
2024-03-07T09:03:18,codecarbon,,0.517697811126709,2.375225966366146e-06,4.588054875481787e-06,22.5,0.0,5.951585769653321,3.235611319541931e-06,0.0,4.920928001070024e-07,3.727704119648933e-06,India,IND,maharashtra,,,Windows-11-10.0.22631-SP0,3.12.2,2.3.4,8,Intel(R) Core(TM) i5-10300H CPU @ 2.50GHz,1,1 x NVIDIA GeForce GTX 1650,73.0656,19.0565,15.870895385742188,machine,N,1.0
2024-03-07T09:03:27,codecarbon,,1.8888306617736816,3.3769748419190004e-08,1.7878653233783786e-08,22.5,0.173037597114075,5.951585769653321,1.1805191636085511e-05,6.8611166e-08,2.331768276360436e-06,1.4205571078445946e-05,Canada,CAN,quebec,,,Windows-11-10.0.22631-SP0,3.12.2,2.3.4,8,Intel(R) Core(TM) i5-10300H CPU @ 2.50GHz,1,1 x NVIDIA GeForce GTX 1650,-71.2,46.8,15.870895385742188,machine,N,1.0
2024-03-07T09:03:39,codecarbon,,1.593883037567139,7.57378635019668e-06,4.751783017753366e-06,22.5,0.0908953693727064,5.951585769653321,9.961768984794615e-06,2.9722246000000012e-08,1.8948871512009195e-06,1.1886378381995535e-05,India,IND,maharashtra,,,Windows-11-10.0.22631-SP0,3.12.2,2.3.4,8,Intel(R) Core(TM) i5-10300H CPU @ 2.50GHz,1,1 x NVIDIA GeForce GTX 1650,73.0656,19.0565,15.870895385742188,machine,N,1.0
2024-03-07T09:04:24,codecarbon,,0.0389997959136962,1.8270099901583482e-07,4.684665515177024e-06,22.5,0.0,5.951585769653321,2.437487244606018e-07,0.0,4.298410700016576e-08,2.867328314607676e-07,India,IND,maharashtra,,,Windows-11-10.0.22631-SP0,3.12.2,2.3.4,8,Intel(R) Core(TM) i5-10300H CPU @ 2.50GHz,1,1 x NVIDIA GeForce GTX 1650,73.0656,19.0565,15.870895385742188,machine,N,1.0
2024-03-07T09:04:29,codecarbon,,0.371659517288208,6.900086467863576e-09,1.856561219852421e-08,22.5,0.0,5.951585769653321,2.3228719830513e-06,0.0,5.797160833424187e-07,2.9025880663937188e-06,Canada,CAN,quebec,,,Windows-11-10.0.22631-SP0,3.12.2,2.3.4,8,Intel(R) Core(TM) i5-10300H CPU @ 2.50GHz,1,1 x NVIDIA GeForce GTX 1650,-71.2,46.8,15.870895385742188,machine,N,1.0
2024-03-07T09:04:34,codecarbon,,1.5242202281951904,2.7101841337219912e-08,1.7780791014242642e-08,22.5,0.0298507717488555,5.951585769653321,9.52637642621994e-06,9.444452e-09,1.8648306366685573e-06,1.1400651514888496e-05,Canada,CAN,quebec,,,Windows-11-10.0.22631-SP0,3.12.2,2.3.4,8,Intel(R) Core(TM) i5-10300H CPU @ 2.50GHz,1,1 x NVIDIA GeForce GTX 1650,-71.2,46.8,15.870895385742188,machine,N,1.0
2024-03-07T09:05:04,codecarbon,,0.0124459266662597,5.166864042530196e-08,4.151449852695408e-06,22.5,0.0,5.951585769653321,7.778704166412355e-08,0.0,3.302255311155022e-09,8.108929697527856e-08,India,IND,maharashtra,,,Windows-11-10.0.22631-SP0,3.12.2,2.3.4,8,Intel(R) Core(TM) i5-10300H CPU @ 2.50GHz,1,1 x NVIDIA GeForce GTX 1650,73.0656,19.0565,15.870895385742188,machine,N,1.0
2024-03-07T09:05:13,codecarbon,,1.729761838912964,8.191674338563255e-06,4.735723817165003e-06,22.5,0.2826948283706049,5.951585769653321,1.0811011493206023e-05,-1.0305563800000004e-07,2.1481423060151883e-06,1.2856098161221212e-05,India,IND,maharashtra,,,Windows-11-10.0.22631-SP0,3.12.2,2.3.4,8,Intel(R) Core(TM) i5-10300H CPU @ 2.50GHz,1,1 x NVIDIA GeForce GTX 1650,73.0656,19.0565,15.870895385742188,machine,N,1.0
2024-03-07T09:05:48,codecarbon,,1.5783348083496094,7.455004772752897e-06,4.72333546299232e-06,22.5,0.157882238503341,5.951585769653321,9.86459255218506e-06,-5.0555596000000016e-08,1.885924393559435e-06,1.1699961349744496e-05,India,IND,maharashtra,,,Windows-11-10.0.22631-SP0,3.12.2,2.3.4,8,Intel(R) Core(TM) i5-10300H CPU @ 2.50GHz,1,1 x NVIDIA GeForce GTX 1650,73.0656,19.0565,15.870895385742188,machine,N,1.0
2024-03-07T09:07:18,codecarbon,,0.3975331783294678,1.9903018862932573e-06,5.006630879608579e-06,22.5,0.0,5.951585769653321,2.4845823645591733e-06,0.0,6.390179353445547e-07,3.123600299903728e-06,India,IND,maharashtra,,,Windows-11-10.0.22631-SP0,3.12.2,2.3.4,8,Intel(R) Core(TM) i5-10300H CPU @ 2.50GHz,1,1 x NVIDIA GeForce GTX 1650,73.0656,19.0565,15.870895385742188,machine,N,1.0
2024-03-07T09:07:19,codecarbon,,1.3089909553527832,2.305348836825661e-08,1.7611648326510796e-08,22.5,0.3309095800224949,5.951585769653321,8.181193470954896e-06,8.083339800000002e-08,1.4356458396548533e-06,9.69767270860975e-06,Canada,CAN,quebec,,,Windows-11-10.0.22631-SP0,3.12.2,2.3.4,8,Intel(R) Core(TM) i5-10300H CPU @ 2.50GHz,1,1 x NVIDIA GeForce GTX 1650,-71.2,46.8,15.870895385742188,machine,N,1.0
2024-03-07T09:07:55,codecarbon,,1.635434865951538,7.765348999960944e-06,4.748186040073729e-06,22.5,0.074168299795958,5.951585769653321,1.0221467912197111e-05,2.472224200000001e-08,1.9408286253053576e-06,1.2187018779502473e-05,India,IND,maharashtra,,,Windows-11-10.0.22631-SP0,3.12.2,2.3.4,8,Intel(R) Core(TM) i5-10300H CPU @ 2.50GHz,1,1 x NVIDIA GeForce GTX 1650,73.0656,19.0565,15.870895385742188,machine,N,1.0
2024-03-07T09:08:39,codecarbon,,1.5476741790771484,7.358275713843773e-06,4.754408785337097e-06,22.5,0.0078575638755456,5.951585769653321,9.672963619232177e-06,2.500002000000009e-09,1.872690146205969e-06,1.1548153767438146e-05,India,IND,maharashtra,,,Windows-11-10.0.22631-SP0,3.12.2,2.3.4,8,Intel(R) Core(TM) i5-10300H CPU @ 2.50GHz,1,1 x NVIDIA GeForce GTX 1650,73.0656,19.0565,15.870895385742188,machine,N,1.0
2024-03-07T09:09:22,codecarbon,,0.2986860275268554,1.4799037227432595e-06,4.954713600086962e-06,22.5,0.0,5.951585769653321,1.8667876720428468e-06,0.0,4.557884878977349e-07,2.3225761599405814e-06,India,IND,maharashtra,,,Windows-11-10.0.22631-SP0,3.12.2,2.3.4,8,Intel(R) Core(TM) i5-10300H CPU @ 2.50GHz,1,1 x NVIDIA GeForce GTX 1650,73.0656,19.0565,15.870895385742188,machine,N,1.0
2024-03-07T09:09:24,codecarbon,,1.949136734008789,9.303031018867829e-06,4.7728981022969526e-06,22.5,0.0540197227788779,5.951585769653321,1.218210458755493e-05,2.1944462e-08,2.396223743568272e-06,1.46002727931232e-05,India,IND,maharashtra,,,Windows-11-10.0.22631-SP0,3.12.2,2.3.4,8,Intel(R) Core(TM) i5-10300H CPU @ 2.50GHz,1,1 x NVIDIA GeForce GTX 1650,73.0656,19.0565,15.870895385742188,machine,N,1.0
2024-03-07T09:09:42,codecarbon,,1.83394455909729,8.556496935969417e-06,4.665624646898336e-06,22.5,0.2038760121134687,5.951585769653321,1.1462153494358064e-05,6.8611166e-08,1.8978898464695248e-06,1.3428654506827588e-05,India,IND,maharashtra,,,Windows-11-10.0.22631-SP0,3.12.2,2.3.4,8,Intel(R) Core(TM) i5-10300H CPU @ 2.50GHz,1,1 x NVIDIA GeForce GTX 1650,73.0656,19.0565,15.870895385742188,machine,N,1.0
2024-03-07T09:10:25,codecarbon,,0.2626950740814209,1.293640952169118e-06,4.924496421155431e-06,22.5,0.0,5.951585769653321,1.6356378793716428e-06,0.0,3.946155681035181e-07,2.030253447475161e-06,India,IND,maharashtra,,,Windows-11-10.0.22631-SP0,3.12.2,2.3.4,8,Intel(R) Core(TM) i5-10300H CPU @ 2.50GHz,1,1 x NVIDIA GeForce GTX 1650,73.0656,19.0565,15.870895385742188,machine,N,1.0
2024-03-07T09:10:27,codecarbon,,1.8679373264312744,8.962221398349107e-06,4.797924037136504e-06,22.5,0.2555187934920692,5.951585769653321,1.1674608290195463e-05,9.916674600000001e-08,2.291627624816784e-06,1.4065402661012248e-05,India,IND,maharashtra,,,Windows-11-10.0.22631-SP0,3.12.2,2.3.4,8,Intel(R) Core(TM) i5-10300H CPU @ 2.50GHz,1,1 x NVIDIA GeForce GTX 1650,73.0656,19.0565,15.870895385742188,machine,N,1.0
2024-03-07T09:16:01,codecarbon,,5.4952452182769775,2.7099457921330865e-05,4.931437423611069e-06,22.5,0.1050389170488161,5.951585769653321,3.434528261423111e-05,1.42222336e-07,8.042663700689446e-06,4.253016865092056e-05,India,IND,maharashtra,,,Windows-11-10.0.22631-SP0,3.12.2,2.3.4,8,Intel(R) Core(TM) i5-10300H CPU @ 2.50GHz,1,1 x NVIDIA GeForce GTX 1650,73.0656,19.0565,15.870895385742188,machine,N,1.0
2024-03-07T09:19:45,codecarbon,,0.4138946533203125,2.0737471326124497e-06,5.010325975406065e-06,22.5,0.0,5.951585769653321,2.586841583251953e-06,0.0,6.677185465264303e-07,3.254560129778384e-06,India,IND,maharashtra,,,Windows-11-10.0.22631-SP0,3.12.2,2.3.4,8,Intel(R) Core(TM) i5-10300H CPU @ 2.50GHz,1,1 x NVIDIA GeForce GTX 1650,73.0656,19.0565,15.870895385742188,machine,N,1.0
2024-03-07T09:30:36,codecarbon,,0.4499330520629883,2.3860305537876846e-06,5.303079075536893e-06,22.5,1.6461332224114475,5.951585769653321,2.8120815753936767e-06,2.05277942e-07,7.273014331474316e-07,3.744660950541108e-06,India,IND,maharashtra,,,Windows-11-10.0.22631-SP0,3.12.2,2.3.4,8,Intel(R) Core(TM) i5-10300H CPU @ 2.50GHz,1,1 x NVIDIA GeForce GTX 1650,73.0656,19.0565,15.870895385742188,machine,N,1.0
2024-03-07T09:32:11,codecarbon,,75.83243203163147,0.0003772141247132,4.97431131518922e-06,22.5,0.0256446333832527,5.951585769653321,0.0004739527001976,-6.222227200000002e-08,0.0001181132583902,0.0005920037363159,India,IND,maharashtra,,,Windows-11-10.0.22631-SP0,3.12.2,2.3.4,8,Intel(R) Core(TM) i5-10300H CPU @ 2.50GHz,1,1 x NVIDIA GeForce GTX 1650,73.0656,19.0565,15.870895385742188,machine,N,1.0
2024-03-07T09:34:01,codecarbon,,1.5116899013519287,7.202437933145008e-06,4.764494309781226e-06,22.5,0.0896664362132273,5.951585769653321,9.448061883449555e-06,2.8055577999999988e-08,1.82746288630824e-06,1.1303580347757796e-05,India,IND,maharashtra,,,Windows-11-10.0.22631-SP0,3.12.2,2.3.4,8,Intel(R) Core(TM) i5-10300H CPU @ 2.50GHz,1,1 x NVIDIA GeForce GTX 1650,73.0656,19.0565,15.870895385742188,machine,N,1.0
2024-03-07T09:36:46,codecarbon,,1.4208054542541504,6.735693559497831e-06,4.7407571102221895e-06,22.5,0.005808449269383,5.951585769653321,8.88003408908844e-06,-1.6666679999999975e-09,1.6926994946402377e-06,1.0571066915728678e-05,India,IND,maharashtra,,,Windows-11-10.0.22631-SP0,3.12.2,2.3.4,8,Intel(R) Core(TM) i5-10300H CPU @ 2.50GHz,1,1 x NVIDIA GeForce GTX 1650,73.0656,19.0565,15.870895385742188,machine,N,1.0
2024-03-07T09:37:47,codecarbon,,0.3873460292816162,1.941139350842412e-06,5.0113831150986826e-06,22.5,0.0,5.951585769653321,2.420912683010101e-06,0.0,6.255314269026258e-07,3.046444109912727e-06,India,IND,maharashtra,,,Windows-11-10.0.22631-SP0,3.12.2,2.3.4,8,Intel(R) Core(TM) i5-10300H CPU @ 2.50GHz,1,1 x NVIDIA GeForce GTX 1650,73.0656,19.0565,15.870895385742188,machine,N,1.0
2024-03-07T09:40:53,codecarbon,,0.3788971900939941,1.9230530572296308e-06,5.075395404100446e-06,22.5,0.445744802368423,5.951585769653321,2.368107438087464e-06,4.6666704e-08,6.032851521638351e-07,3.0180592942512985e-06,India,IND,maharashtra,,,Windows-11-10.0.22631-SP0,3.12.2,2.3.4,8,Intel(R) Core(TM) i5-10300H CPU @ 2.50GHz,1,1 x NVIDIA GeForce GTX 1650,73.0656,19.0565,15.870895385742188,machine,N,1.0
2024-03-07T10:05:47,codecarbon,,35.975975036621094,0.0002754629265443,7.656857840932445e-06,22.5,14.815982962602089,5.951585769653321,0.0002248498439788,0.00014808900736,5.9375505539281904e-05,0.0004323143568781,India,IND,maharashtra,,,Windows-11-10.0.22631-SP0,3.12.2,2.3.4,8,Intel(R) Core(TM) i5-10300H CPU @ 2.50GHz,1,1 x NVIDIA GeForce GTX 1650,73.0656,19.0565,15.870895385742188,machine,N,1.0
2024-03-07T10:18:12,codecarbon,,0.96795654296875,7.263124575068329e-06,7.503564729044675e-06,22.5,14.104220127148528,5.951585769653321,6.043408811092377e-06,3.788336363999816e-06,1.5670774141653963e-06,1.139882258925759e-05,India,IND,maharashtra,,,Windows-11-10.0.22631-SP0,3.12.2,2.3.4,8,Intel(R) Core(TM) i5-10300H CPU @ 2.50GHz,1,1 x NVIDIA GeForce GTX 1650,73.0656,19.0565,15.870895385742188,machine,N,1.0
2024-03-07T10:19:17,codecarbon,None,0.8835279941558838,6.86039129396895e-06,7.7647695821153e-06,22.5,15.561747789770074,5.951585769653321,5.522049963474274e-06,3.8105586039997863e-06,1.4341602583385794e-06,1.076676882581264e-05,India,IND,maharashtra,,,Windows-11-10.0.22631-SP0,3.12.2,2.3.4,8,Intel(R) Core(TM) i5-10300H CPU @ 2.50GHz,1,1 x NVIDIA GeForce GTX 1650,73.0656,19.0565,15.870895385742188,machine,N,1.0
